trial,testing,parameters,initial_deadline,final_deadline,net_reward,actions,success
1,False,"{'a': 0.99, 'e': 0.99}",25,3,-56.983939104082346,"{0: 16, 1: 1, 2: 4, 3: 0, 4: 1}",1
2,False,"{'a': 0.9801, 'e': 0.9801}",20,0,-89.9316517500978,"{0: 13, 1: 1, 2: 4, 3: 1, 4: 1}",0
3,False,"{'a': 0.9702989999999999, 'e': 0.9702989999999999}",20,0,-42.600928403167586,"{0: 13, 1: 4, 2: 2, 3: 1, 4: 0}",0
4,False,"{'a': 0.96059601, 'e': 0.96059601}",30,0,-172.76869989843286,"{0: 16, 1: 4, 2: 7, 3: 1, 4: 2}",0
5,False,"{'a': 0.9509900498999999, 'e': 0.9509900498999999}",20,0,-40.88625753207221,"{0: 14, 1: 2, 2: 3, 3: 1, 4: 0}",0
6,False,"{'a': 0.9414801494009999, 'e': 0.9414801494009999}",20,0,-149.9750627005065,"{0: 11, 1: 4, 2: 0, 3: 3, 4: 2}",0
7,False,"{'a': 0.9320653479069899, 'e': 0.9320653479069899}",20,0,-63.56429357067341,"{0: 12, 1: 2, 2: 5, 3: 1, 4: 0}",0
8,False,"{'a': 0.92274469442792, 'e': 0.92274469442792}",30,0,-173.32046573079512,"{0: 16, 1: 6, 2: 4, 3: 2, 4: 2}",0
9,False,"{'a': 0.9135172474836407, 'e': 0.9135172474836407}",20,0,-141.15437513045887,"{0: 11, 1: 1, 2: 5, 3: 1, 4: 2}",1
10,False,"{'a': 0.9043820750088043, 'e': 0.9043820750088043}",20,0,-66.39067474407011,"{0: 14, 1: 1, 2: 4, 3: 0, 4: 1}",0
11,False,"{'a': 0.8953382542587163, 'e': 0.8953382542587163}",25,0,-59.24500110752664,"{0: 14, 1: 7, 2: 4, 3: 0, 4: 0}",0
12,False,"{'a': 0.8863848717161291, 'e': 0.8863848717161291}",25,0,-148.6106133420001,"{0: 14, 1: 3, 2: 5, 3: 1, 4: 2}",0
13,False,"{'a': 0.8775210229989678, 'e': 0.8775210229989678}",20,0,-151.99997680208102,"{0: 10, 1: 1, 2: 6, 3: 1, 4: 2}",0
14,False,"{'a': 0.8687458127689781, 'e': 0.8687458127689781}",30,0,-133.67441155857716,"{0: 19, 1: 4, 2: 4, 3: 1, 4: 2}",0
15,False,"{'a': 0.8600583546412883, 'e': 0.8600583546412883}",25,0,-173.71852687692618,"{0: 15, 1: 0, 2: 7, 3: 0, 4: 3}",0
16,False,"{'a': 0.8514577710948754, 'e': 0.8514577710948754}",30,0,-132.3625657787128,"{0: 19, 1: 5, 2: 3, 3: 1, 4: 2}",0
17,False,"{'a': 0.8429431933839266, 'e': 0.8429431933839266}",20,0,-6.200161764569823,"{0: 17, 1: 1, 2: 2, 3: 0, 4: 0}",0
18,False,"{'a': 0.8345137614500874, 'e': 0.8345137614500874}",20,0,-120.2088421377004,"{0: 13, 1: 1, 2: 3, 3: 1, 4: 2}",0
19,False,"{'a': 0.8261686238355865, 'e': 0.8261686238355865}",20,0,-33.176301828540595,"{0: 15, 1: 2, 2: 2, 3: 1, 4: 0}",0
20,False,"{'a': 0.8179069375972307, 'e': 0.8179069375972307}",20,0,-170.41879255718032,"{0: 11, 1: 0, 2: 6, 3: 0, 4: 3}",0
21,False,"{'a': 0.8097278682212583, 'e': 0.8097278682212583}",30,3,-90.01767988969793,"{0: 17, 1: 3, 2: 6, 3: 0, 4: 1}",1
22,False,"{'a': 0.8016305895390458, 'e': 0.8016305895390458}",20,15,1.5713527538913377,"{0: 4, 1: 1, 2: 0, 3: 0, 4: 0}",1
23,False,"{'a': 0.7936142836436553, 'e': 0.7936142836436553}",20,0,-74.56311409219701,"{0: 13, 1: 1, 2: 5, 3: 0, 4: 1}",0
24,False,"{'a': 0.7856781408072188, 'e': 0.7856781408072188}",20,9,18.44377109149984,"{0: 11, 1: 0, 2: 0, 3: 0, 4: 0}",1
25,False,"{'a': 0.7778213593991465, 'e': 0.7778213593991465}",30,10,-31.393027662861922,"{0: 14, 1: 4, 2: 1, 3: 1, 4: 0}",1
26,False,"{'a': 0.7700431458051551, 'e': 0.7700431458051551}",25,0,-124.50894839874618,"{0: 15, 1: 4, 2: 2, 3: 3, 4: 1}",0
27,False,"{'a': 0.7623427143471035, 'e': 0.7623427143471035}",25,15,-18.034315611069832,"{0: 5, 1: 4, 2: 1, 3: 0, 4: 0}",1
28,False,"{'a': 0.7547192872036325, 'e': 0.7547192872036325}",20,0,-134.13751947165608,"{0: 12, 1: 2, 2: 2, 3: 2, 4: 2}",0
29,False,"{'a': 0.7471720943315961, 'e': 0.7471720943315961}",25,5,-15.61295807230791,"{0: 16, 1: 3, 2: 0, 3: 1, 4: 0}",1
30,False,"{'a': 0.7397003733882802, 'e': 0.7397003733882802}",20,0,-11.73550944930267,"{0: 16, 1: 2, 2: 2, 3: 0, 4: 0}",0
31,False,"{'a': 0.7323033696543974, 'e': 0.7323033696543974}",20,0,-143.1582334915349,"{0: 13, 1: 0, 2: 4, 3: 0, 4: 3}",0
32,False,"{'a': 0.7249803359578534, 'e': 0.7249803359578534}",20,0,-163.21674971876558,"{0: 7, 1: 4, 2: 7, 3: 0, 4: 2}",0
33,False,"{'a': 0.7177305325982748, 'e': 0.7177305325982748}",20,10,-44.021797567403816,"{0: 7, 1: 1, 2: 1, 3: 0, 4: 1}",1
34,False,"{'a': 0.7105532272722921, 'e': 0.7105532272722921}",20,0,-75.40253408240731,"{0: 14, 1: 2, 2: 2, 3: 1, 4: 1}",0
35,False,"{'a': 0.7034476949995692, 'e': 0.7034476949995692}",20,6,-16.545302244453122,"{0: 10, 1: 0, 2: 4, 3: 0, 4: 0}",1
36,False,"{'a': 0.6964132180495735, 'e': 0.6964132180495735}",20,5,-32.74466349160329,"{0: 11, 1: 0, 2: 3, 3: 1, 4: 0}",1
37,False,"{'a': 0.6894490858690777, 'e': 0.6894490858690777}",20,11,-45.787954342895816,"{0: 6, 1: 1, 2: 1, 3: 0, 4: 1}",1
38,False,"{'a': 0.682554595010387, 'e': 0.682554595010387}",25,0,-57.02982120573909,"{0: 19, 1: 3, 2: 2, 3: 0, 4: 1}",0
39,False,"{'a': 0.6757290490602831, 'e': 0.6757290490602831}",30,0,-121.39388352659019,"{0: 19, 1: 2, 2: 7, 3: 1, 4: 1}",0
40,False,"{'a': 0.6689717585696803, 'e': 0.6689717585696803}",25,0,-144.9910664665371,"{0: 19, 1: 0, 2: 1, 3: 2, 4: 3}",0
41,False,"{'a': 0.6622820409839835, 'e': 0.6622820409839835}",20,0,-114.56031969374976,"{0: 15, 1: 1, 2: 1, 3: 0, 4: 3}",0
42,False,"{'a': 0.6556592205741436, 'e': 0.6556592205741436}",25,8,-95.79297177298271,"{0: 11, 1: 1, 2: 3, 3: 0, 4: 2}",1
43,False,"{'a': 0.6491026283684022, 'e': 0.6491026283684022}",20,8,-58.09309408138121,"{0: 8, 1: 0, 2: 3, 3: 0, 4: 1}",1
44,False,"{'a': 0.6426116020847181, 'e': 0.6426116020847181}",20,0,-8.787324921663052,"{0: 16, 1: 2, 2: 2, 3: 0, 4: 0}",0
45,False,"{'a': 0.6361854860638709, 'e': 0.6361854860638709}",35,0,-146.2790420796865,"{0: 21, 1: 5, 2: 7, 3: 0, 4: 2}",0
46,False,"{'a': 0.6298236312032323, 'e': 0.6298236312032323}",25,16,-11.224247000515753,"{0: 7, 1: 0, 2: 2, 3: 0, 4: 0}",1
47,False,"{'a': 0.6235253948912, 'e': 0.6235253948912}",30,8,-59.462012333627214,"{0: 17, 1: 0, 2: 4, 3: 0, 4: 1}",1
48,False,"{'a': 0.617290140942288, 'e': 0.617290140942288}",30,4,-104.45658887935622,"{0: 16, 1: 2, 2: 6, 3: 1, 4: 1}",1
49,False,"{'a': 0.6111172395328651, 'e': 0.6111172395328651}",25,0,-99.0640250805867,"{0: 16, 1: 2, 2: 3, 3: 4, 4: 0}",0
50,False,"{'a': 0.6050060671375365, 'e': 0.6050060671375365}",20,8,-63.880370638336565,"{0: 7, 1: 1, 2: 3, 3: 0, 4: 1}",1
51,False,"{'a': 0.5989560064661611, 'e': 0.5989560064661611}",35,0,-191.7055928135137,"{0: 22, 1: 2, 2: 5, 3: 4, 4: 2}",0
52,False,"{'a': 0.5929664464014994, 'e': 0.5929664464014994}",20,0,-103.71113281945779,"{0: 14, 1: 0, 2: 4, 3: 0, 4: 2}",0
53,False,"{'a': 0.5870367819374844, 'e': 0.5870367819374844}",25,11,-58.051738841652444,"{0: 10, 1: 1, 2: 1, 3: 1, 4: 1}",1
54,False,"{'a': 0.5811664141181095, 'e': 0.5811664141181095}",25,13,-0.22891152492971756,"{0: 10, 1: 1, 2: 1, 3: 0, 4: 0}",1
55,False,"{'a': 0.5753547499769285, 'e': 0.5753547499769285}",35,22,-64.17777859754085,"{0: 8, 1: 2, 2: 1, 3: 1, 4: 1}",1
56,False,"{'a': 0.5696012024771592, 'e': 0.5696012024771592}",20,0,-129.7281461323989,"{0: 12, 1: 4, 2: 1, 3: 0, 4: 3}",0
57,False,"{'a': 0.5639051904523876, 'e': 0.5639051904523876}",20,1,-97.76377664024434,"{0: 13, 1: 1, 2: 3, 3: 0, 4: 2}",1
58,False,"{'a': 0.5582661385478638, 'e': 0.5582661385478638}",30,18,-77.61192267788591,"{0: 9, 1: 0, 2: 1, 3: 0, 4: 2}",1
59,False,"{'a': 0.5526834771623851, 'e': 0.5526834771623851}",20,0,-75.6919612142111,"{0: 16, 1: 1, 2: 1, 3: 0, 4: 2}",0
60,False,"{'a': 0.5471566423907612, 'e': 0.5471566423907612}",30,18,-49.0647868216054,"{0: 10, 1: 0, 2: 0, 3: 1, 4: 1}",1
61,False,"{'a': 0.5416850759668536, 'e': 0.5416850759668536}",20,2,-6.517937862768242,"{0: 15, 1: 0, 2: 3, 3: 0, 4: 0}",1
62,False,"{'a': 0.536268225207185, 'e': 0.536268225207185}",25,18,-0.6385105291820694,"{0: 6, 1: 0, 2: 1, 3: 0, 4: 0}",1
63,False,"{'a': 0.5309055429551132, 'e': 0.5309055429551132}",20,2,-21.271896308857528,"{0: 16, 1: 1, 2: 0, 3: 0, 4: 1}",1
64,False,"{'a': 0.525596487525562, 'e': 0.525596487525562}",35,12,-40.74139295232404,"{0: 18, 1: 3, 2: 1, 3: 0, 4: 1}",1
65,False,"{'a': 0.5203405226503064, 'e': 0.5203405226503064}",30,9,-18.921429551763435,"{0: 19, 1: 0, 2: 1, 3: 0, 4: 1}",1
66,False,"{'a': 0.5151371174238033, 'e': 0.5151371174238033}",20,0,-69.11718993813159,"{0: 14, 1: 0, 2: 4, 3: 2, 4: 0}",0
67,False,"{'a': 0.5099857462495653, 'e': 0.5099857462495653}",20,6,-28.95156074911408,"{0: 12, 1: 0, 2: 1, 3: 0, 4: 1}",1
68,False,"{'a': 0.5048858887870696, 'e': 0.5048858887870696}",20,13,-4.348478613852281,"{0: 5, 1: 1, 2: 1, 3: 0, 4: 0}",1
69,False,"{'a': 0.4998370298991989, 'e': 0.4998370298991989}",25,12,-37.586442215277295,"{0: 10, 1: 0, 2: 2, 3: 0, 4: 1}",1
70,False,"{'a': 0.49483865960020695, 'e': 0.49483865960020695}",35,11,-7.402916493065147,"{0: 21, 1: 0, 2: 2, 3: 1, 4: 0}",1
71,False,"{'a': 0.4898902730042049, 'e': 0.4898902730042049}",25,0,-111.52995380038945,"{0: 20, 1: 0, 2: 2, 3: 0, 4: 3}",0
72,False,"{'a': 0.48499137027416284, 'e': 0.48499137027416284}",25,0,-82.897501423136,"{0: 18, 1: 1, 2: 4, 3: 1, 4: 1}",0
73,False,"{'a': 0.4801414565714212, 'e': 0.4801414565714212}",35,10,-94.15050779437878,"{0: 18, 1: 2, 2: 3, 3: 0, 4: 2}",1
74,False,"{'a': 0.475340042005707, 'e': 0.475340042005707}",20,0,-4.360154296181875,"{0: 17, 1: 1, 2: 2, 3: 0, 4: 0}",0
75,False,"{'a': 0.47058664158564995, 'e': 0.47058664158564995}",25,3,-52.51931956143846,"{0: 20, 1: 0, 2: 0, 3: 0, 4: 2}",1
76,False,"{'a': 0.4658807751697934, 'e': 0.4658807751697934}",30,0,-61.08210209997682,"{0: 23, 1: 1, 2: 5, 3: 0, 4: 1}",0
77,False,"{'a': 0.4612219674180955, 'e': 0.4612219674180955}",20,2,-9.794054969656976,"{0: 16, 1: 0, 2: 1, 3: 1, 4: 0}",1
78,False,"{'a': 0.45660974774391455, 'e': 0.45660974774391455}",25,10,0.8780033433362131,"{0: 12, 1: 2, 2: 1, 3: 0, 4: 0}",1
79,False,"{'a': 0.4520436502664754, 'e': 0.4520436502664754}",25,19,3.036618996195566,"{0: 5, 1: 1, 2: 0, 3: 0, 4: 0}",1
80,False,"{'a': 0.44752321376381066, 'e': 0.44752321376381066}",20,2,-4.284173762748484,"{0: 15, 1: 0, 2: 3, 3: 0, 4: 0}",1
81,False,"{'a': 0.44304798162617254, 'e': 0.44304798162617254}",20,13,14.45051314310492,"{0: 7, 1: 0, 2: 0, 3: 0, 4: 0}",1
82,False,"{'a': 0.4386175018099108, 'e': 0.4386175018099108}",20,0,-101.26592828533278,"{0: 15, 1: 0, 2: 2, 3: 1, 4: 2}",0
83,False,"{'a': 0.4342313267918117, 'e': 0.4342313267918117}",20,9,-36.914158295599904,"{0: 9, 1: 0, 2: 1, 3: 0, 4: 1}",1
84,False,"{'a': 0.4298890135238936, 'e': 0.4298890135238936}",25,15,-36.71073329678735,"{0: 8, 1: 0, 2: 1, 3: 0, 4: 1}",1
85,False,"{'a': 0.42559012338865465, 'e': 0.42559012338865465}",20,0,-7.782105306716179,"{0: 16, 1: 2, 2: 2, 3: 0, 4: 0}",0
86,False,"{'a': 0.4213342221547681, 'e': 0.4213342221547681}",35,12,-32.85282627975688,"{0: 15, 1: 4, 2: 4, 3: 0, 4: 0}",1
87,False,"{'a': 0.41712087993322045, 'e': 0.41712087993322045}",20,11,16.04044726227511,"{0: 9, 1: 0, 2: 0, 3: 0, 4: 0}",1
88,False,"{'a': 0.41294967113388825, 'e': 0.41294967113388825}",20,9,8.827265845503396,"{0: 10, 1: 0, 2: 1, 3: 0, 4: 0}",1
89,False,"{'a': 0.40882017442254937, 'e': 0.40882017442254937}",30,18,18.153982627033617,"{0: 11, 1: 1, 2: 0, 3: 0, 4: 0}",1
90,False,"{'a': 0.4047319726783239, 'e': 0.4047319726783239}",20,7,-1.015715906774684,"{0: 12, 1: 0, 2: 0, 3: 1, 4: 0}",1
91,False,"{'a': 0.40068465295154065, 'e': 0.40068465295154065}",25,3,-4.68252583393783,"{0: 18, 1: 1, 2: 3, 3: 0, 4: 0}",1
92,False,"{'a': 0.39667780642202527, 'e': 0.39667780642202527}",20,13,14.452746038615253,"{0: 7, 1: 0, 2: 0, 3: 0, 4: 0}",1
93,False,"{'a': 0.392711028357805, 'e': 0.392711028357805}",20,6,-28.72924104510184,"{0: 12, 1: 1, 2: 0, 3: 0, 4: 1}",1
94,False,"{'a': 0.38878391807422696, 'e': 0.38878391807422696}",30,14,-5.705500973793612,"{0: 13, 1: 1, 2: 2, 3: 0, 4: 0}",1
95,False,"{'a': 0.3848960788934847, 'e': 0.3848960788934847}",30,0,20.38739063979181,"{0: 27, 1: 2, 2: 1, 3: 0, 4: 0}",0
96,False,"{'a': 0.38104711810454983, 'e': 0.38104711810454983}",30,6,11.93424743493273,"{0: 21, 1: 2, 2: 1, 3: 0, 4: 0}",1
97,False,"{'a': 0.37723664692350434, 'e': 0.37723664692350434}",25,13,11.521941610596196,"{0: 11, 1: 1, 2: 0, 3: 0, 4: 0}",1
98,False,"{'a': 0.37346428045426927, 'e': 0.37346428045426927}",25,9,-43.40325406290221,"{0: 11, 1: 3, 2: 1, 3: 0, 4: 1}",1
99,False,"{'a': 0.36972963764972655, 'e': 0.36972963764972655}",25,14,16.62747744806841,"{0: 11, 1: 0, 2: 0, 3: 0, 4: 0}",1
100,False,"{'a': 0.36603234127322926, 'e': 0.36603234127322926}",25,11,-38.2396329874747,"{0: 10, 1: 1, 2: 1, 3: 2, 4: 0}",1
101,False,"{'a': 0.36237201786049694, 'e': 0.36237201786049694}",20,0,16.890777490476815,"{0: 18, 1: 1, 2: 1, 3: 0, 4: 0}",0
102,False,"{'a': 0.358748297681892, 'e': 0.358748297681892}",20,12,-29.891611064319846,"{0: 7, 1: 0, 2: 0, 3: 0, 4: 1}",1
103,False,"{'a': 0.35516081470507305, 'e': 0.35516081470507305}",25,14,-29.069557733718348,"{0: 8, 1: 1, 2: 0, 3: 2, 4: 0}",1
104,False,"{'a': 0.3516092065580223, 'e': 0.3516092065580223}",35,14,1.8030309430400593,"{0: 19, 1: 0, 2: 1, 3: 1, 4: 0}",1
105,False,"{'a': 0.34809311449244207, 'e': 0.34809311449244207}",35,20,18.121387013889958,"{0: 13, 1: 2, 2: 0, 3: 0, 4: 0}",1
106,False,"{'a': 0.34461218334751764, 'e': 0.34461218334751764}",20,4,-10.342886381031214,"{0: 13, 1: 1, 2: 1, 3: 1, 4: 0}",1
107,False,"{'a': 0.34116606151404244, 'e': 0.34116606151404244}",25,11,-84.94580733571483,"{0: 9, 1: 2, 2: 1, 3: 0, 4: 2}",1
108,False,"{'a': 0.337754400898902, 'e': 0.337754400898902}",25,19,10.798234846315722,"{0: 6, 1: 0, 2: 0, 3: 0, 4: 0}",1
109,False,"{'a': 0.334376856889913, 'e': 0.334376856889913}",25,1,10.313456032449555,"{0: 21, 1: 1, 2: 2, 3: 0, 4: 0}",1
110,False,"{'a': 0.33103308832101386, 'e': 0.33103308832101386}",20,12,-38.11779171751065,"{0: 6, 1: 0, 2: 1, 3: 0, 4: 1}",1
111,False,"{'a': 0.3277227574378037, 'e': 0.3277227574378037}",20,6,-60.361673113052966,"{0: 12, 1: 0, 2: 0, 3: 0, 4: 2}",1
112,False,"{'a': 0.3244455298634257, 'e': 0.3244455298634257}",25,10,-12.801883583867147,"{0: 11, 1: 1, 2: 3, 3: 0, 4: 0}",1
113,False,"{'a': 0.3212010745647914, 'e': 0.3212010745647914}",20,0,-59.137299165228484,"{0: 17, 1: 0, 2: 0, 3: 2, 4: 1}",0
114,False,"{'a': 0.3179890638191435, 'e': 0.3179890638191435}",20,6,-42.25338565898805,"{0: 11, 1: 0, 2: 2, 3: 0, 4: 1}",1
115,False,"{'a': 0.31480917318095203, 'e': 0.31480917318095203}",25,14,20.51900659882504,"{0: 11, 1: 0, 2: 0, 3: 0, 4: 0}",1
116,False,"{'a': 0.3116610814491425, 'e': 0.3116610814491425}",20,4,28.10506203452323,"{0: 16, 1: 0, 2: 0, 3: 0, 4: 0}",1
117,False,"{'a': 0.30854447063465107, 'e': 0.30854447063465107}",25,12,7.567344867490039,"{0: 11, 1: 1, 2: 1, 3: 0, 4: 0}",1
118,False,"{'a': 0.30545902592830454, 'e': 0.30545902592830454}",25,10,-25.168082448207517,"{0: 13, 1: 0, 2: 1, 3: 0, 4: 1}",1
119,False,"{'a': 0.3024044356690215, 'e': 0.3024044356690215}",20,2,-10.381506875007085,"{0: 17, 1: 0, 2: 0, 3: 0, 4: 1}",1
120,False,"{'a': 0.29938039131233124, 'e': 0.29938039131233124}",25,13,20.129161461723346,"{0: 12, 1: 0, 2: 0, 3: 0, 4: 0}",1
121,False,"{'a': 0.2963865873992079, 'e': 0.2963865873992079}",20,13,7.609493661033519,"{0: 6, 1: 1, 2: 0, 3: 0, 4: 0}",1
122,False,"{'a': 0.29342272152521587, 'e': 0.29342272152521587}",25,0,23.6672002847433,"{0: 23, 1: 1, 2: 1, 3: 0, 4: 0}",0
123,False,"{'a': 0.2904884943099637, 'e': 0.2904884943099637}",30,6,-7.48153085759541,"{0: 23, 1: 0, 2: 0, 3: 0, 4: 1}",1
124,False,"{'a': 0.28758360936686406, 'e': 0.28758360936686406}",20,0,-2.0997505074469074,"{0: 18, 1: 0, 2: 1, 3: 1, 4: 0}",0
125,False,"{'a': 0.2847077732731954, 'e': 0.2847077732731954}",20,9,21.368324591630333,"{0: 11, 1: 0, 2: 0, 3: 0, 4: 0}",1
126,False,"{'a': 0.28186069554046345, 'e': 0.28186069554046345}",25,8,-31.269131556283742,"{0: 15, 1: 0, 2: 0, 3: 1, 4: 1}",1
127,False,"{'a': 0.2790420885850588, 'e': 0.2790420885850588}",25,19,-11.684329763882879,"{0: 5, 1: 0, 2: 0, 3: 1, 4: 0}",1
128,False,"{'a': 0.2762516676992082, 'e': 0.2762516676992082}",20,7,11.39972061372351,"{0: 12, 1: 0, 2: 1, 3: 0, 4: 0}",1
129,False,"{'a': 0.27348915102221616, 'e': 0.27348915102221616}",20,14,-7.240434687398361,"{0: 4, 1: 1, 2: 1, 3: 0, 4: 0}",1
130,False,"{'a': 0.270754259511994, 'e': 0.270754259511994}",20,0,-65.60800064188545,"{0: 14, 1: 4, 2: 0, 3: 1, 4: 1}",1
131,False,"{'a': 0.26804671691687404, 'e': 0.26804671691687404}",20,5,-11.675629668464227,"{0: 13, 1: 0, 2: 1, 3: 1, 4: 0}",1
132,False,"{'a': 0.2653662497477053, 'e': 0.2653662497477053}",20,16,7.0375928458815435,"{0: 4, 1: 0, 2: 0, 3: 0, 4: 0}",1
133,False,"{'a': 0.2627125872502282, 'e': 0.2627125872502282}",25,7,2.6828255532108587,"{0: 16, 1: 0, 2: 2, 3: 0, 4: 0}",1
134,False,"{'a': 0.2600854613777259, 'e': 0.2600854613777259}",20,6,0.8091214054712361,"{0: 12, 1: 0, 2: 2, 3: 0, 4: 0}",1
135,False,"{'a': 0.2574846067639487, 'e': 0.2574846067639487}",30,12,0.4394428502574268,"{0: 15, 1: 1, 2: 2, 3: 0, 4: 0}",1
136,False,"{'a': 0.2549097606963092, 'e': 0.2549097606963092}",20,10,13.392854666190285,"{0: 9, 1: 1, 2: 0, 3: 0, 4: 0}",1
137,False,"{'a': 0.2523606630893461, 'e': 0.2523606630893461}",35,11,-75.65364258046938,"{0: 18, 1: 1, 2: 2, 3: 2, 4: 1}",1
138,False,"{'a': 0.24983705645845267, 'e': 0.24983705645845267}",25,12,11.990976100659092,"{0: 12, 1: 0, 2: 1, 3: 0, 4: 0}",1
139,False,"{'a': 0.24733868589386815, 'e': 0.24733868589386815}",20,13,12.051423883093516,"{0: 7, 1: 0, 2: 0, 3: 0, 4: 0}",1
140,False,"{'a': 0.24486529903492946, 'e': 0.24486529903492946}",20,13,-0.5019246495433025,"{0: 5, 1: 2, 2: 0, 3: 0, 4: 0}",1
141,False,"{'a': 0.24241664604458016, 'e': 0.24241664604458016}",25,8,-121.86711355076199,"{0: 12, 1: 0, 2: 2, 3: 0, 4: 3}",1
142,False,"{'a': 0.23999247958413436, 'e': 0.23999247958413436}",25,17,5.964215102908224,"{0: 7, 1: 0, 2: 1, 3: 0, 4: 0}",1
143,False,"{'a': 0.23759255478829303, 'e': 0.23759255478829303}",25,1,-27.084974594480137,"{0: 21, 1: 0, 2: 2, 3: 0, 4: 1}",1
144,False,"{'a': 0.2352166292404101, 'e': 0.2352166292404101}",20,15,9.867405062434798,"{0: 5, 1: 0, 2: 0, 3: 0, 4: 0}",1
145,False,"{'a': 0.232864462948006, 'e': 0.232864462948006}",25,17,2.1312320445852135,"{0: 7, 1: 0, 2: 1, 3: 0, 4: 0}",1
146,False,"{'a': 0.23053581831852593, 'e': 0.23053581831852593}",25,13,1.0787265694020356,"{0: 11, 1: 0, 2: 0, 3: 1, 4: 0}",1
147,False,"{'a': 0.22823046013534068, 'e': 0.22823046013534068}",20,0,-19.77617918429559,"{0: 14, 1: 3, 2: 3, 3: 0, 4: 0}",1
148,False,"{'a': 0.22594815553398728, 'e': 0.22594815553398728}",30,15,14.737693861043383,"{0: 14, 1: 0, 2: 1, 3: 0, 4: 0}",1
149,False,"{'a': 0.22368867397864742, 'e': 0.22368867397864742}",35,21,19.952328144537375,"{0: 13, 1: 1, 2: 0, 3: 0, 4: 0}",1
150,False,"{'a': 0.22145178723886094, 'e': 0.22145178723886094}",30,10,-61.799958903130744,"{0: 16, 1: 1, 2: 1, 3: 0, 4: 2}",1
151,False,"{'a': 0.21923726936647234, 'e': 0.21923726936647234}",20,7,-4.400134214429911,"{0: 10, 1: 1, 2: 2, 3: 0, 4: 0}",1
152,False,"{'a': 0.2170448966728076, 'e': 0.2170448966728076}",30,20,-1.0811573515991846,"{0: 8, 1: 0, 2: 2, 3: 0, 4: 0}",1
153,False,"{'a': 0.21487444770607952, 'e': 0.21487444770607952}",20,2,-150.18732714576524,"{0: 13, 1: 0, 2: 1, 3: 0, 4: 4}",1
154,False,"{'a': 0.21272570322901874, 'e': 0.21272570322901874}",30,14,8.012713768738013,"{0: 14, 1: 1, 2: 1, 3: 0, 4: 0}",1
155,False,"{'a': 0.21059844619672854, 'e': 0.21059844619672854}",20,6,-48.36649820555512,"{0: 11, 1: 1, 2: 0, 3: 1, 4: 1}",1
156,False,"{'a': 0.20849246173476127, 'e': 0.20849246173476127}",20,14,7.27558183228148,"{0: 6, 1: 0, 2: 0, 3: 0, 4: 0}",1
157,False,"{'a': 0.20640753711741366, 'e': 0.20640753711741366}",20,14,12.168241729382487,"{0: 6, 1: 0, 2: 0, 3: 0, 4: 0}",1
158,False,"{'a': 0.20434346174623952, 'e': 0.20434346174623952}",25,14,10.167324495925163,"{0: 10, 1: 0, 2: 1, 3: 0, 4: 0}",1
159,False,"{'a': 0.20230002712877712, 'e': 0.20230002712877712}",25,18,14.879531401843794,"{0: 7, 1: 0, 2: 0, 3: 0, 4: 0}",1
160,False,"{'a': 0.20027702685748935, 'e': 0.20027702685748935}",25,14,22.16633905354175,"{0: 11, 1: 0, 2: 0, 3: 0, 4: 0}",1
161,False,"{'a': 0.19827425658891445, 'e': 0.19827425658891445}",25,16,14.774946239983695,"{0: 9, 1: 0, 2: 0, 3: 0, 4: 0}",1
162,False,"{'a': 0.1962915140230253, 'e': 0.1962915140230253}",20,0,11.933646986415505,"{0: 18, 1: 1, 2: 1, 3: 0, 4: 0}",0
163,False,"{'a': 0.19432859888279505, 'e': 0.19432859888279505}",20,10,17.790593815778553,"{0: 10, 1: 0, 2: 0, 3: 0, 4: 0}",1
164,False,"{'a': 0.1923853128939671, 'e': 0.1923853128939671}",25,15,-6.157686601265885,"{0: 9, 1: 0, 2: 0, 3: 1, 4: 0}",1
165,False,"{'a': 0.19046145976502743, 'e': 0.19046145976502743}",20,16,8.111045981472971,"{0: 4, 1: 0, 2: 0, 3: 0, 4: 0}",1
166,False,"{'a': 0.18855684516737714, 'e': 0.18855684516737714}",20,3,28.415486199412154,"{0: 17, 1: 0, 2: 0, 3: 0, 4: 0}",1
167,False,"{'a': 0.18667127671570335, 'e': 0.18667127671570335}",30,13,22.7535390136073,"{0: 16, 1: 1, 2: 0, 3: 0, 4: 0}",1
168,False,"{'a': 0.18480456394854633, 'e': 0.18480456394854633}",20,8,20.699057749960364,"{0: 12, 1: 0, 2: 0, 3: 0, 4: 0}",1
169,False,"{'a': 0.18295651830906087, 'e': 0.18295651830906087}",30,20,-2.0107265653910265,"{0: 9, 1: 0, 2: 0, 3: 1, 4: 0}",1
170,False,"{'a': 0.18112695312597027, 'e': 0.18112695312597027}",35,18,12.95174135498865,"{0: 16, 1: 0, 2: 0, 3: 1, 4: 0}",1
171,False,"{'a': 0.17931568359471056, 'e': 0.17931568359471056}",20,4,20.005097127938555,"{0: 15, 1: 0, 2: 1, 3: 0, 4: 0}",1
172,False,"{'a': 0.17752252675876345, 'e': 0.17752252675876345}",20,0,7.894572479013615,"{0: 18, 1: 0, 2: 2, 3: 0, 4: 0}",0
173,False,"{'a': 0.17574730149117582, 'e': 0.17574730149117582}",25,0,14.647133022629275,"{0: 23, 1: 0, 2: 2, 3: 0, 4: 0}",0
174,False,"{'a': 0.17398982847626407, 'e': 0.17398982847626407}",25,17,16.104854961750465,"{0: 8, 1: 0, 2: 0, 3: 0, 4: 0}",1
175,False,"{'a': 0.17224993019150142, 'e': 0.17224993019150142}",20,14,11.555482620028988,"{0: 6, 1: 0, 2: 0, 3: 0, 4: 0}",1
176,False,"{'a': 0.1705274308895864, 'e': 0.1705274308895864}",25,15,18.71509601305242,"{0: 10, 1: 0, 2: 0, 3: 0, 4: 0}",1
177,False,"{'a': 0.16882215658069055, 'e': 0.16882215658069055}",30,23,9.976648491515972,"{0: 7, 1: 0, 2: 0, 3: 0, 4: 0}",1
178,False,"{'a': 0.16713393501488363, 'e': 0.16713393501488363}",20,14,8.890218041625424,"{0: 6, 1: 0, 2: 0, 3: 0, 4: 0}",1
179,False,"{'a': 0.16546259566473479, 'e': 0.16546259566473479}",25,10,13.759871137352693,"{0: 14, 1: 0, 2: 1, 3: 0, 4: 0}",1
180,False,"{'a': 0.16380796970808745, 'e': 0.16380796970808745}",20,9,8.667012883676385,"{0: 10, 1: 0, 2: 1, 3: 0, 4: 0}",1
181,False,"{'a': 0.16216989001100657, 'e': 0.16216989001100657}",20,8,-31.485231612166643,"{0: 10, 1: 0, 2: 1, 3: 0, 4: 1}",1
182,False,"{'a': 0.1605481911108965, 'e': 0.1605481911108965}",20,13,13.441077928987392,"{0: 7, 1: 0, 2: 0, 3: 0, 4: 0}",1
183,False,"{'a': 0.15894270919978754, 'e': 0.15894270919978754}",35,17,3.3858755798427818,"{0: 16, 1: 0, 2: 2, 3: 0, 4: 0}",1
184,False,"{'a': 0.15735328210778965, 'e': 0.15735328210778965}",20,15,8.675946605933634,"{0: 5, 1: 0, 2: 0, 3: 0, 4: 0}",1
185,False,"{'a': 0.15577974928671176, 'e': 0.15577974928671176}",20,12,16.40986744251934,"{0: 8, 1: 0, 2: 0, 3: 0, 4: 0}",1
186,False,"{'a': 0.15422195179384465, 'e': 0.15422195179384465}",35,20,-35.08196777517143,"{0: 11, 1: 3, 2: 0, 3: 0, 4: 1}",1
187,False,"{'a': 0.1526797322759062, 'e': 0.1526797322759062}",30,18,-31.017460113386754,"{0: 10, 1: 0, 2: 1, 3: 0, 4: 1}",1
188,False,"{'a': 0.15115293495314713, 'e': 0.15115293495314713}",20,10,-10.686537931794579,"{0: 8, 1: 1, 2: 0, 3: 1, 4: 0}",1
189,False,"{'a': 0.14964140560361566, 'e': 0.14964140560361566}",25,11,26.053771453589388,"{0: 14, 1: 0, 2: 0, 3: 0, 4: 0}",1
190,False,"{'a': 0.1481449915475795, 'e': 0.1481449915475795}",25,12,4.640441137887191,"{0: 11, 1: 1, 2: 1, 3: 0, 4: 0}",1
191,False,"{'a': 0.1466635416321037, 'e': 0.1466635416321037}",20,0,21.096087012829138,"{0: 19, 1: 1, 2: 0, 3: 0, 4: 0}",0
192,False,"{'a': 0.14519690621578268, 'e': 0.14519690621578268}",25,11,17.229906636042557,"{0: 13, 1: 1, 2: 0, 3: 0, 4: 0}",1
193,False,"{'a': 0.14374493715362485, 'e': 0.14374493715362485}",20,15,8.69513427885554,"{0: 5, 1: 0, 2: 0, 3: 0, 4: 0}",1
194,False,"{'a': 0.1423074877820886, 'e': 0.1423074877820886}",25,8,24.049356960032046,"{0: 17, 1: 0, 2: 0, 3: 0, 4: 0}",1
195,False,"{'a': 0.1408844129042677, 'e': 0.1408844129042677}",20,6,30.41932396792255,"{0: 14, 1: 0, 2: 0, 3: 0, 4: 0}",1
196,False,"{'a': 0.13947556877522502, 'e': 0.13947556877522502}",20,6,24.686359041574647,"{0: 14, 1: 0, 2: 0, 3: 0, 4: 0}",1
197,False,"{'a': 0.13808081308747278, 'e': 0.13808081308747278}",25,17,2.6125568870272895,"{0: 7, 1: 0, 2: 1, 3: 0, 4: 0}",1
198,False,"{'a': 0.13670000495659804, 'e': 0.13670000495659804}",25,5,22.415089684394246,"{0: 19, 1: 0, 2: 1, 3: 0, 4: 0}",1
199,False,"{'a': 0.13533300490703207, 'e': 0.13533300490703207}",30,16,28.594618041231055,"{0: 14, 1: 0, 2: 0, 3: 0, 4: 0}",1
200,False,"{'a': 0.13397967485796175, 'e': 0.13397967485796175}",25,14,19.983964240172106,"{0: 11, 1: 0, 2: 0, 3: 0, 4: 0}",1
201,False,"{'a': 0.13263987810938213, 'e': 0.13263987810938213}",30,23,15.149780055507602,"{0: 7, 1: 0, 2: 0, 3: 0, 4: 0}",1
202,False,"{'a': 0.1313134793282883, 'e': 0.1313134793282883}",25,9,-18.224018326799698,"{0: 15, 1: 0, 2: 0, 3: 0, 4: 1}",1
203,False,"{'a': 0.13000034453500542, 'e': 0.13000034453500542}",30,18,8.831676523321905,"{0: 11, 1: 0, 2: 1, 3: 0, 4: 0}",1
204,False,"{'a': 0.12870034108965536, 'e': 0.12870034108965536}",20,0,24.05919503695437,"{0: 19, 1: 1, 2: 0, 3: 0, 4: 0}",1
205,False,"{'a': 0.12741333767875881, 'e': 0.12741333767875881}",25,13,10.577651650563709,"{0: 11, 1: 0, 2: 1, 3: 0, 4: 0}",1
206,False,"{'a': 0.12613920430197123, 'e': 0.12613920430197123}",25,17,15.40688884812653,"{0: 8, 1: 0, 2: 0, 3: 0, 4: 0}",1
207,False,"{'a': 0.12487781225895152, 'e': 0.12487781225895152}",25,11,14.826354797680246,"{0: 13, 1: 0, 2: 1, 3: 0, 4: 0}",1
208,False,"{'a': 0.123629034136362, 'e': 0.123629034136362}",25,1,38.68333277367381,"{0: 24, 1: 0, 2: 0, 3: 0, 4: 0}",1
209,False,"{'a': 0.12239274379499838, 'e': 0.12239274379499838}",30,11,29.109249200471833,"{0: 19, 1: 0, 2: 0, 3: 0, 4: 0}",1
210,False,"{'a': 0.1211688163570484, 'e': 0.1211688163570484}",25,15,21.095753704828,"{0: 10, 1: 0, 2: 0, 3: 0, 4: 0}",1
211,False,"{'a': 0.11995712819347792, 'e': 0.11995712819347792}",20,8,20.077462833870058,"{0: 12, 1: 0, 2: 0, 3: 0, 4: 0}",1
212,False,"{'a': 0.11875755691154315, 'e': 0.11875755691154315}",25,14,12.03239661393257,"{0: 10, 1: 1, 2: 0, 3: 0, 4: 0}",1
213,False,"{'a': 0.11756998134242772, 'e': 0.11756998134242772}",20,13,12.27683077353735,"{0: 7, 1: 0, 2: 0, 3: 0, 4: 0}",1
214,False,"{'a': 0.11639428152900344, 'e': 0.11639428152900344}",20,15,-4.567512871349549,"{0: 4, 1: 0, 2: 1, 3: 0, 4: 0}",1
215,False,"{'a': 0.11523033871371341, 'e': 0.11523033871371341}",20,13,14.889213053180033,"{0: 7, 1: 0, 2: 0, 3: 0, 4: 0}",1
216,False,"{'a': 0.11407803532657627, 'e': 0.11407803532657627}",20,0,-20.562914578846936,"{0: 18, 1: 0, 2: 0, 3: 2, 4: 0}",0
217,False,"{'a': 0.11293725497331052, 'e': 0.11293725497331052}",20,13,-1.5670248089727365,"{0: 6, 1: 0, 2: 1, 3: 0, 4: 0}",1
218,False,"{'a': 0.1118078824235774, 'e': 0.1118078824235774}",30,19,14.422772193253037,"{0: 11, 1: 0, 2: 0, 3: 0, 4: 0}",1
219,False,"{'a': 0.11068980359934164, 'e': 0.11068980359934164}",20,15,7.3208915367714065,"{0: 5, 1: 0, 2: 0, 3: 0, 4: 0}",1
220,False,"{'a': 0.10958290556334822, 'e': 0.10958290556334822}",25,0,15.084650759756926,"{0: 23, 1: 1, 2: 1, 3: 0, 4: 0}",0
221,False,"{'a': 0.10848707650771475, 'e': 0.10848707650771475}",30,10,30.94015169065528,"{0: 19, 1: 1, 2: 0, 3: 0, 4: 0}",1
222,False,"{'a': 0.1074022057426376, 'e': 0.1074022057426376}",25,7,20.23835365560199,"{0: 17, 1: 0, 2: 1, 3: 0, 4: 0}",1
223,False,"{'a': 0.10632818368521123, 'e': 0.10632818368521123}",30,14,25.94208701133303,"{0: 15, 1: 1, 2: 0, 3: 0, 4: 0}",1
224,False,"{'a': 0.10526490184835911, 'e': 0.10526490184835911}",20,12,15.939299011710789,"{0: 8, 1: 0, 2: 0, 3: 0, 4: 0}",1
225,False,"{'a': 0.10421225282987552, 'e': 0.10421225282987552}",25,19,11.158216719550573,"{0: 6, 1: 0, 2: 0, 3: 0, 4: 0}",1
226,False,"{'a': 0.10317013030157676, 'e': 0.10317013030157676}",25,13,24.786622628775937,"{0: 12, 1: 0, 2: 0, 3: 0, 4: 0}",1
227,False,"{'a': 0.10213842899856099, 'e': 0.10213842899856099}",20,7,-20.473501197824767,"{0: 12, 1: 0, 2: 0, 3: 0, 4: 1}",1
228,False,"{'a': 0.10111704470857538, 'e': 0.10111704470857538}",25,18,11.85346804958606,"{0: 7, 1: 0, 2: 0, 3: 0, 4: 0}",1
229,False,"{'a': 0.10010587426148963, 'e': 0.10010587426148963}",20,1,19.323242262463136,"{0: 17, 1: 2, 2: 0, 3: 0, 4: 0}",1
230,False,"{'a': 0.09910481551887473, 'e': 0.09910481551887473}",25,14,22.419385350583788,"{0: 11, 1: 0, 2: 0, 3: 0, 4: 0}",1
231,False,"{'a': 0.09811376736368599, 'e': 0.09811376736368599}",20,11,15.429313432473124,"{0: 9, 1: 0, 2: 0, 3: 0, 4: 0}",1
232,False,"{'a': 0.09713262969004913, 'e': 0.09713262969004913}",20,9,20.417361249915395,"{0: 11, 1: 0, 2: 0, 3: 0, 4: 0}",1
233,False,"{'a': 0.09616130339314863, 'e': 0.09616130339314863}",25,0,15.40708206461542,"{0: 22, 1: 3, 2: 0, 3: 0, 4: 0}",0
234,False,"{'a': 0.09519969035921715, 'e': 0.09519969035921715}",30,21,15.525179806963628,"{0: 9, 1: 0, 2: 0, 3: 0, 4: 0}",1
235,False,"{'a': 0.09424769345562498, 'e': 0.09424769345562498}",25,19,3.856951610348953,"{0: 5, 1: 1, 2: 0, 3: 0, 4: 0}",1
236,False,"{'a': 0.09330521652106873, 'e': 0.09330521652106873}",25,14,9.581520054409376,"{0: 10, 1: 0, 2: 1, 3: 0, 4: 0}",1
237,False,"{'a': 0.09237216435585804, 'e': 0.09237216435585804}",25,13,21.4391127539582,"{0: 12, 1: 0, 2: 0, 3: 0, 4: 0}",1
238,False,"{'a': 0.09144844271229946, 'e': 0.09144844271229946}",30,21,17.100827118221954,"{0: 9, 1: 0, 2: 0, 3: 0, 4: 0}",1
239,False,"{'a': 0.09053395828517646, 'e': 0.09053395828517646}",20,8,-11.242593083649085,"{0: 9, 1: 1, 2: 2, 3: 0, 4: 0}",1
240,False,"{'a': 0.08962861870232469, 'e': 0.08962861870232469}",20,11,17.372726849532302,"{0: 9, 1: 0, 2: 0, 3: 0, 4: 0}",1
241,False,"{'a': 0.08873233251530144, 'e': 0.08873233251530144}",30,23,12.283581215733516,"{0: 7, 1: 0, 2: 0, 3: 0, 4: 0}",1
242,False,"{'a': 0.08784500919014843, 'e': 0.08784500919014843}",20,14,12.997457765921489,"{0: 6, 1: 0, 2: 0, 3: 0, 4: 0}",1
243,False,"{'a': 0.08696655909824694, 'e': 0.08696655909824694}",20,12,14.167829844184936,"{0: 8, 1: 0, 2: 0, 3: 0, 4: 0}",1
244,False,"{'a': 0.08609689350726446, 'e': 0.08609689350726446}",20,14,14.373152246608813,"{0: 6, 1: 0, 2: 0, 3: 0, 4: 0}",1
245,False,"{'a': 0.08523592457219181, 'e': 0.08523592457219181}",35,24,18.943145574812924,"{0: 11, 1: 0, 2: 0, 3: 0, 4: 0}",1
246,False,"{'a': 0.0843835653264699, 'e': 0.0843835653264699}",20,6,11.343781265582944,"{0: 13, 1: 0, 2: 1, 3: 0, 4: 0}",1
247,False,"{'a': 0.0835397296732052, 'e': 0.0835397296732052}",20,9,19.859523296018562,"{0: 11, 1: 0, 2: 0, 3: 0, 4: 0}",1
248,False,"{'a': 0.08270433237647315, 'e': 0.08270433237647315}",25,14,21.726739942795227,"{0: 11, 1: 0, 2: 0, 3: 0, 4: 0}",1
249,False,"{'a': 0.08187728905270841, 'e': 0.08187728905270841}",30,20,17.78970016932989,"{0: 10, 1: 0, 2: 0, 3: 0, 4: 0}",1
250,False,"{'a': 0.08105851616218133, 'e': 0.08105851616218133}",20,4,21.417955131304815,"{0: 16, 1: 0, 2: 0, 3: 0, 4: 0}",1
251,False,"{'a': 0.08024793100055952, 'e': 0.08024793100055952}",20,6,13.370800403722068,"{0: 13, 1: 0, 2: 1, 3: 0, 4: 0}",1
252,False,"{'a': 0.07944545169055392, 'e': 0.07944545169055392}",20,6,27.871056744930403,"{0: 14, 1: 0, 2: 0, 3: 0, 4: 0}",1
253,False,"{'a': 0.07865099717364837, 'e': 0.07865099717364837}",30,14,23.249462040457765,"{0: 16, 1: 0, 2: 0, 3: 0, 4: 0}",1
254,False,"{'a': 0.07786448720191189, 'e': 0.07786448720191189}",30,22,15.16524027425695,"{0: 8, 1: 0, 2: 0, 3: 0, 4: 0}",1
255,False,"{'a': 0.07708584232989277, 'e': 0.07708584232989277}",25,14,21.950804829950744,"{0: 11, 1: 0, 2: 0, 3: 0, 4: 0}",1
256,False,"{'a': 0.07631498390659384, 'e': 0.07631498390659384}",20,14,9.629279690114902,"{0: 6, 1: 0, 2: 0, 3: 0, 4: 0}",1
257,False,"{'a': 0.07555183406752791, 'e': 0.07555183406752791}",35,22,25.081193070802698,"{0: 13, 1: 0, 2: 0, 3: 0, 4: 0}",1
258,False,"{'a': 0.07479631572685264, 'e': 0.07479631572685264}",25,6,-24.264732096712116,"{0: 17, 1: 0, 2: 1, 3: 0, 4: 1}",1
259,False,"{'a': 0.07404835256958411, 'e': 0.07404835256958411}",25,10,16.509360243419927,"{0: 14, 1: 0, 2: 1, 3: 0, 4: 0}",1
260,False,"{'a': 0.07330786904388827, 'e': 0.07330786904388827}",30,13,-9.80343814253061,"{0: 16, 1: 0, 2: 0, 3: 0, 4: 1}",1
261,False,"{'a': 0.07257479035344938, 'e': 0.07257479035344938}",35,18,30.483775109665764,"{0: 17, 1: 0, 2: 0, 3: 0, 4: 0}",1
262,False,"{'a': 0.07184904244991488, 'e': 0.07184904244991488}",20,9,6.917115653714033,"{0: 10, 1: 0, 2: 1, 3: 0, 4: 0}",1
263,False,"{'a': 0.07113055202541574, 'e': 0.07113055202541574}",25,15,18.83435475742839,"{0: 10, 1: 0, 2: 0, 3: 0, 4: 0}",1
264,False,"{'a': 0.07041924650516158, 'e': 0.07041924650516158}",20,8,22.101098212535096,"{0: 12, 1: 0, 2: 0, 3: 0, 4: 0}",1
265,False,"{'a': 0.06971505404010997, 'e': 0.06971505404010997}",20,8,22.82343016259047,"{0: 12, 1: 0, 2: 0, 3: 0, 4: 0}",1
266,False,"{'a': 0.06901790349970886, 'e': 0.06901790349970886}",30,5,40.71552230523531,"{0: 25, 1: 0, 2: 0, 3: 0, 4: 0}",1
267,False,"{'a': 0.06832772446471178, 'e': 0.06832772446471178}",20,8,20.39508455809403,"{0: 12, 1: 0, 2: 0, 3: 0, 4: 0}",1
268,False,"{'a': 0.06764444722006466, 'e': 0.06764444722006466}",20,12,12.444262849524987,"{0: 8, 1: 0, 2: 0, 3: 0, 4: 0}",1
269,False,"{'a': 0.066968002747864, 'e': 0.066968002747864}",20,13,-28.316877427275266,"{0: 6, 1: 0, 2: 0, 3: 0, 4: 1}",1
270,False,"{'a': 0.06629832272038537, 'e': 0.06629832272038537}",20,13,15.675202757256386,"{0: 7, 1: 0, 2: 0, 3: 0, 4: 0}",1
271,False,"{'a': 0.06563533949318151, 'e': 0.06563533949318151}",25,11,-25.77765196388699,"{0: 12, 1: 0, 2: 1, 3: 0, 4: 1}",1
272,False,"{'a': 0.06497898609824969, 'e': 0.06497898609824969}",35,21,27.25165470229415,"{0: 14, 1: 0, 2: 0, 3: 0, 4: 0}",1
273,False,"{'a': 0.0643291962372672, 'e': 0.0643291962372672}",20,2,31.772359065609514,"{0: 18, 1: 0, 2: 0, 3: 0, 4: 0}",1
274,False,"{'a': 0.06368590427489453, 'e': 0.06368590427489453}",20,11,18.511697543342237,"{0: 9, 1: 0, 2: 0, 3: 0, 4: 0}",1
275,False,"{'a': 0.06304904523214558, 'e': 0.06304904523214558}",25,13,25.041282533264646,"{0: 12, 1: 0, 2: 0, 3: 0, 4: 0}",1
276,False,"{'a': 0.06241855477982412, 'e': 0.06241855477982412}",20,4,31.96168757098927,"{0: 16, 1: 0, 2: 0, 3: 0, 4: 0}",1
277,False,"{'a': 0.06179436923202588, 'e': 0.06179436923202588}",30,8,40.42269352254891,"{0: 22, 1: 0, 2: 0, 3: 0, 4: 0}",1
278,False,"{'a': 0.06117642553970562, 'e': 0.06117642553970562}",25,11,26.06927267816598,"{0: 14, 1: 0, 2: 0, 3: 0, 4: 0}",1
279,False,"{'a': 0.06056466128430856, 'e': 0.06056466128430856}",35,19,28.444820063303677,"{0: 16, 1: 0, 2: 0, 3: 0, 4: 0}",1
280,False,"{'a': 0.05995901467146548, 'e': 0.05995901467146548}",25,15,20.70586701642678,"{0: 10, 1: 0, 2: 0, 3: 0, 4: 0}",1
281,False,"{'a': 0.05935942452475082, 'e': 0.05935942452475082}",25,13,19.796809425398273,"{0: 12, 1: 0, 2: 0, 3: 0, 4: 0}",1
282,False,"{'a': 0.058765830279503314, 'e': 0.058765830279503314}",30,18,9.452579845550687,"{0: 11, 1: 0, 2: 1, 3: 0, 4: 0}",1
283,False,"{'a': 0.05817817197670828, 'e': 0.05817817197670828}",20,6,26.754645793878602,"{0: 14, 1: 0, 2: 0, 3: 0, 4: 0}",1
284,False,"{'a': 0.057596390256941195, 'e': 0.057596390256941195}",25,12,11.870164141847912,"{0: 12, 1: 0, 2: 1, 3: 0, 4: 0}",1
285,False,"{'a': 0.05702042635437178, 'e': 0.05702042635437178}",20,2,-23.03909635321361,"{0: 16, 1: 0, 2: 1, 3: 0, 4: 1}",1
286,False,"{'a': 0.05645022209082806, 'e': 0.05645022209082806}",20,16,6.90297386163405,"{0: 4, 1: 0, 2: 0, 3: 0, 4: 0}",1
287,False,"{'a': 0.05588571986991978, 'e': 0.05588571986991978}",30,19,18.098955145928883,"{0: 11, 1: 0, 2: 0, 3: 0, 4: 0}",1
288,False,"{'a': 0.055326862671220584, 'e': 0.055326862671220584}",35,23,18.374087464738526,"{0: 12, 1: 0, 2: 0, 3: 0, 4: 0}",1
289,False,"{'a': 0.05477359404450838, 'e': 0.05477359404450838}",20,15,10.900185290953996,"{0: 5, 1: 0, 2: 0, 3: 0, 4: 0}",1
290,False,"{'a': 0.054225858104063294, 'e': 0.054225858104063294}",20,13,13.244044515682262,"{0: 7, 1: 0, 2: 0, 3: 0, 4: 0}",1
291,False,"{'a': 0.05368359952302266, 'e': 0.05368359952302266}",25,3,33.27711466575777,"{0: 21, 1: 1, 2: 0, 3: 0, 4: 0}",1
292,False,"{'a': 0.053146763527792434, 'e': 0.053146763527792434}",20,12,13.503332377337475,"{0: 8, 1: 0, 2: 0, 3: 0, 4: 0}",1
293,False,"{'a': 0.052615295892514506, 'e': 0.052615295892514506}",20,14,10.563468805390103,"{0: 6, 1: 0, 2: 0, 3: 0, 4: 0}",1
294,False,"{'a': 0.052089142933589364, 'e': 0.052089142933589364}",30,19,7.335363590576746,"{0: 10, 1: 0, 2: 1, 3: 0, 4: 0}",1
295,False,"{'a': 0.05156825150425347, 'e': 0.05156825150425347}",25,19,10.338553612297394,"{0: 6, 1: 0, 2: 0, 3: 0, 4: 0}",1
296,False,"{'a': 0.051052568989210935, 'e': 0.051052568989210935}",20,4,18.331094788358698,"{0: 15, 1: 1, 2: 0, 3: 0, 4: 0}",1
297,False,"{'a': 0.05054204329931883, 'e': 0.05054204329931883}",25,0,33.86309046428404,"{0: 24, 1: 0, 2: 1, 3: 0, 4: 0}",0
298,False,"{'a': 0.05003662286632564, 'e': 0.05003662286632564}",20,6,26.591903129379162,"{0: 14, 1: 0, 2: 0, 3: 0, 4: 0}",1
299,False,"{'a': 0.04953625663766238, 'e': 0.04953625663766238}",25,19,11.384710556709077,"{0: 6, 1: 0, 2: 0, 3: 0, 4: 0}",1
1,True,"{'a': 0, 'e': 0}",20,16,8.946783735801299,"{0: 4, 1: 0, 2: 0, 3: 0, 4: 0}",1
2,True,"{'a': 0, 'e': 0}",25,15,18.595063815374512,"{0: 10, 1: 0, 2: 0, 3: 0, 4: 0}",1
3,True,"{'a': 0, 'e': 0}",25,13,21.02936883767817,"{0: 12, 1: 0, 2: 0, 3: 0, 4: 0}",1
4,True,"{'a': 0, 'e': 0}",30,19,21.8282937203237,"{0: 11, 1: 0, 2: 0, 3: 0, 4: 0}",1
5,True,"{'a': 0, 'e': 0}",30,17,26.26566351014459,"{0: 13, 1: 0, 2: 0, 3: 0, 4: 0}",1
6,True,"{'a': 0, 'e': 0}",20,10,18.839893618300536,"{0: 10, 1: 0, 2: 0, 3: 0, 4: 0}",1
7,True,"{'a': 0, 'e': 0}",20,11,16.175175493456347,"{0: 9, 1: 0, 2: 0, 3: 0, 4: 0}",1
8,True,"{'a': 0, 'e': 0}",20,11,16.020561421517275,"{0: 9, 1: 0, 2: 0, 3: 0, 4: 0}",1
9,True,"{'a': 0, 'e': 0}",20,8,22.47144394907529,"{0: 12, 1: 0, 2: 0, 3: 0, 4: 0}",1
10,True,"{'a': 0, 'e': 0}",20,13,12.81825540681306,"{0: 7, 1: 0, 2: 0, 3: 0, 4: 0}",1
